{"metabench_secondary": {"acc,none": 0.47085361093038386, "acc_stderr,none": 0.02037017045086867, "alias": "metabench_secondary"}, "metabench_arc_secondary": {"alias": " - metabench_arc_secondary", "acc,none": 0.48, "acc_stderr,none": 0.05021167315686783, "acc_norm,none": 0.41, "acc_norm_stderr,none": 0.04943110704237104}, "metabench_gsm8k_secondary": {"alias": " - metabench_gsm8k_secondary", "exact_match,strict-match": 0.20883534136546184, "exact_match_stderr,strict-match": 0.02581128328868988, "exact_match,flexible-extract": 0.21285140562248997, "exact_match_stderr,flexible-extract": 0.025992064914047264}, "metabench_hellaswag_secondary": {"alias": " - metabench_hellaswag_secondary", "acc,none": 0.4827586206896552, "acc_stderr,none": 0.06618723240947538, "acc_norm,none": 0.6206896551724138, "acc_norm_stderr,none": 0.06426835284800643}, "metabench_mmlu_secondary": {"alias": " - metabench_mmlu_secondary", "acc,none": 0.6176470588235294, "acc_stderr,none": 0.048355036961072254}, "metabench_truthfulqa_secondary": {"alias": " - metabench_truthfulqa_secondary", "acc,none": 0.1323529411764706, "acc_stderr,none": 0.02916563682479121}, "metabench_winogrande_secondary": {"alias": " - metabench_winogrande_secondary", "acc,none": 0.6415094339622641, "acc_stderr,none": 0.04679998780012861}}