{"metabench": {"acc,none": 0.28239304652570857, "acc_stderr,none": 0.01700260006856081, "alias": "metabench"}, "metabench_arc": {"alias": " - metabench_arc", "acc,none": 0.2413793103448276, "acc_stderr,none": 0.03565998174135302, "acc_norm,none": 0.2206896551724138, "acc_norm_stderr,none": 0.03455930201924811}, "metabench_gsm8k": {"alias": " - metabench_gsm8k", "exact_match,strict-match": 0.016877637130801686, "exact_match_stderr,strict-match": 0.008385010459470809, "exact_match,flexible-extract": 0.02109704641350211, "exact_match_stderr,flexible-extract": 0.009354587618783338}, "metabench_hellaswag": {"alias": " - metabench_hellaswag", "acc,none": 0.24731182795698925, "acc_stderr,none": 0.04498172185667068, "acc_norm,none": 0.25806451612903225, "acc_norm_stderr,none": 0.04561979233461594}, "metabench_mmlu": {"alias": " - metabench_mmlu", "acc,none": 0.25, "acc_stderr,none": 0.04442616583193193}, "metabench_truthfulqa": {"alias": " - metabench_truthfulqa", "acc,none": 0.11688311688311688, "acc_stderr,none": 0.025974025974025986}, "metabench_winogrande": {"alias": " - metabench_winogrande", "acc,none": 0.556390977443609, "acc_stderr,none": 0.043241749752860895}}