{"metabench": {"acc,none": 0.42800473983015996, "acc_stderr,none": 0.016989375139851822, "alias": "metabench"}, "metabench_arc": {"alias": " - metabench_arc", "acc,none": 0.35172413793103446, "acc_stderr,none": 0.0397923663749741, "acc_norm,none": 0.35172413793103446, "acc_norm_stderr,none": 0.0397923663749741}, "metabench_gsm8k": {"alias": " - metabench_gsm8k", "exact_match,strict-match": 0.33755274261603374, "exact_match_stderr,strict-match": 0.03078154910202622, "exact_match,flexible-extract": 0.3291139240506329, "exact_match_stderr,flexible-extract": 0.030587326294702368}, "metabench_hellaswag": {"alias": " - metabench_hellaswag", "acc,none": 0.17204301075268819, "acc_stderr,none": 0.03934852812061865, "acc_norm,none": 0.25806451612903225, "acc_norm_stderr,none": 0.04561979233461594}, "metabench_mmlu": {"alias": " - metabench_mmlu", "acc,none": 0.9166666666666666, "acc_stderr,none": 0.02835654364078004}, "metabench_truthfulqa": {"alias": " - metabench_truthfulqa", "acc,none": 0.18831168831168832, "acc_stderr,none": 0.031607312419929735}, "metabench_winogrande": {"alias": " - metabench_winogrande", "acc,none": 0.5112781954887218, "acc_stderr,none": 0.043508341442180715}}