{"metabench": {"acc,none": 0.5145062597716863, "acc_stderr,none": 0.017293158427236215, "alias": "metabench"}, "metabench_arc": {"alias": " - metabench_arc", "acc,none": 0.47586206896551725, "acc_stderr,none": 0.0416180850350153, "acc_norm,none": 0.5103448275862069, "acc_norm_stderr,none": 0.04165774775728763}, "metabench_gsm8k": {"alias": " - metabench_gsm8k", "exact_match,strict-match": 0.6329113924050633, "exact_match_stderr,strict-match": 0.031376240725616185, "exact_match,flexible-extract": 0.4092827004219409, "exact_match_stderr,flexible-extract": 0.032007041833595914}, "metabench_hellaswag": {"alias": " - metabench_hellaswag", "acc,none": 0.3333333333333333, "acc_stderr,none": 0.04914731871829902, "acc_norm,none": 0.40860215053763443, "acc_norm_stderr,none": 0.05125028452876002}, "metabench_mmlu": {"alias": " - metabench_mmlu", "acc,none": 0.9895833333333334, "acc_stderr,none": 0.010416666666666666}, "metabench_truthfulqa": {"alias": " - metabench_truthfulqa", "acc,none": 0.19480519480519481, "acc_stderr,none": 0.03201879869416841}, "metabench_winogrande": {"alias": " - metabench_winogrande", "acc,none": 0.5789473684210527, "acc_stderr,none": 0.042973504259353944}}