{"metabench_secondary": {"acc,none": 0.36490763774605484, "acc_stderr,none": 0.019882815932625163, "alias": "metabench_secondary"}, "metabench_arc_secondary": {"alias": " - metabench_arc_secondary", "acc,none": 0.35, "acc_stderr,none": 0.0479372485441102, "acc_norm,none": 0.25, "acc_norm_stderr,none": 0.04351941398892446}, "metabench_gsm8k_secondary": {"alias": " - metabench_gsm8k_secondary", "exact_match,strict-match": 0.3172690763052209, "exact_match_stderr,strict-match": 0.029553765215449154, "exact_match,flexible-extract": 0.3092369477911647, "exact_match_stderr,flexible-extract": 0.029348397900438437}, "metabench_hellaswag_secondary": {"alias": " - metabench_hellaswag_secondary", "acc,none": 0.25862068965517243, "acc_stderr,none": 0.05799818940571611, "acc_norm,none": 0.22413793103448276, "acc_norm_stderr,none": 0.055234765130792035}, "metabench_mmlu_secondary": {"alias": " - metabench_mmlu_secondary", "acc,none": 0.5490196078431373, "acc_stderr,none": 0.049512182523962625}, "metabench_truthfulqa_secondary": {"alias": " - metabench_truthfulqa_secondary", "acc,none": 0.11029411764705882, "acc_stderr,none": 0.026960784313725485}, "metabench_winogrande_secondary": {"alias": " - metabench_winogrande_secondary", "acc,none": 0.5566037735849056, "acc_stderr,none": 0.0484813182297548}}