{"metabench_permute": {"acc,none": 0.4490729959695477, "acc_stderr,none": 0.01768222836617342, "alias": "metabench_permute"}, "metabench_arc_permute": {"alias": " - metabench_arc_permute", "acc,none": 0.4206896551724138, "acc_stderr,none": 0.0411391498118926, "acc_norm,none": 0.4827586206896552, "acc_norm_stderr,none": 0.04164188720169378}, "metabench_hellaswag_permute": {"alias": " - metabench_hellaswag_permute", "acc,none": 0.3333333333333333, "acc_stderr,none": 0.04914731871829905, "acc_norm,none": 0.4946236559139785, "acc_norm_stderr,none": 0.05212558986469171}, "metabench_mmlu_permute": {"alias": " - metabench_mmlu_permute", "acc,none": 0.6666666666666666, "acc_stderr,none": 0.04836508334066745}, "metabench_truthfulqa_permute": {"alias": " - metabench_truthfulqa_permute", "acc,none": 0.11038961038961038, "acc_stderr,none": 0.02533484829160092}, "metabench_winogrande_permute": {"alias": " - metabench_winogrande_permute", "acc,none": 0.7142857142857143, "acc_stderr,none": 0.03932013446879859}}