{"metabench_secondary": {"acc,none": 0.5844584050926811, "acc_stderr,none": 0.019678545273749647, "alias": "metabench_secondary"}, "metabench_arc_secondary": {"alias": " - metabench_arc_secondary", "acc,none": 0.59, "acc_stderr,none": 0.04943110704237104, "acc_norm,none": 0.57, "acc_norm_stderr,none": 0.049756985195624305}, "metabench_gsm8k_secondary": {"alias": " - metabench_gsm8k_secondary", "exact_match,strict-match": 0.5100401606425703, "exact_match_stderr,strict-match": 0.03174362999181953, "exact_match,flexible-extract": 0.5100401606425703, "exact_match_stderr,flexible-extract": 0.03174362999181953}, "metabench_hellaswag_secondary": {"alias": " - metabench_hellaswag_secondary", "acc,none": 0.5517241379310345, "acc_stderr,none": 0.0658713010952992, "acc_norm,none": 0.6379310344827587, "acc_norm_stderr,none": 0.06365684176876799}, "metabench_mmlu_secondary": {"alias": " - metabench_mmlu_secondary", "acc,none": 0.7843137254901961, "acc_stderr,none": 0.04092563958237658}, "metabench_truthfulqa_secondary": {"alias": " - metabench_truthfulqa_secondary", "acc,none": 0.21323529411764705, "acc_stderr,none": 0.03525210825953929}, "metabench_winogrande_secondary": {"alias": " - metabench_winogrande_secondary", "acc,none": 0.7830188679245284, "acc_stderr,none": 0.040225592469367105}}