{"metabench_secondary": {"acc,none": 0.4736228711393471, "acc_stderr,none": 0.02066212403325889, "alias": "metabench_secondary"}, "metabench_arc_secondary": {"alias": " - metabench_arc_secondary", "acc,none": 0.49, "acc_stderr,none": 0.05024183937956912, "acc_norm,none": 0.46, "acc_norm_stderr,none": 0.05009082659620333}, "metabench_gsm8k_secondary": {"alias": " - metabench_gsm8k_secondary", "exact_match,strict-match": 0.24096385542168675, "exact_match_stderr,strict-match": 0.027156971703502824, "exact_match,flexible-extract": 0.24096385542168675, "exact_match_stderr,flexible-extract": 0.027156971703502824}, "metabench_hellaswag_secondary": {"alias": " - metabench_hellaswag_secondary", "acc,none": 0.46551724137931033, "acc_stderr,none": 0.06606893520605228, "acc_norm,none": 0.5862068965517241, "acc_norm_stderr,none": 0.06523484847771846}, "metabench_mmlu_secondary": {"alias": " - metabench_mmlu_secondary", "acc,none": 0.6470588235294118, "acc_stderr,none": 0.047551296160629475}, "metabench_truthfulqa_secondary": {"alias": " - metabench_truthfulqa_secondary", "acc,none": 0.16176470588235295, "acc_stderr,none": 0.03169260759851888}, "metabench_winogrande_secondary": {"alias": " - metabench_winogrande_secondary", "acc,none": 0.6037735849056604, "acc_stderr,none": 0.04773249298367359}}