{"metabench_secondary": {"acc,none": 0.30383896564481355, "acc_stderr,none": 0.019357109363001338, "alias": "metabench_secondary"}, "metabench_arc_secondary": {"alias": " - metabench_arc_secondary", "acc,none": 0.25, "acc_stderr,none": 0.04351941398892446, "acc_norm,none": 0.21, "acc_norm_stderr,none": 0.04093601807403326}, "metabench_gsm8k_secondary": {"alias": " - metabench_gsm8k_secondary", "exact_match,strict-match": 0.07630522088353414, "exact_match_stderr,strict-match": 0.016858368046263037, "exact_match,flexible-extract": 0.08032128514056225, "exact_match_stderr,flexible-extract": 0.017258679010434253}, "metabench_hellaswag_secondary": {"alias": " - metabench_hellaswag_secondary", "acc,none": 0.29310344827586204, "acc_stderr,none": 0.06029078904435195, "acc_norm,none": 0.39655172413793105, "acc_norm_stderr,none": 0.06479366091762498}, "metabench_mmlu_secondary": {"alias": " - metabench_mmlu_secondary", "acc,none": 0.30392156862745096, "acc_stderr,none": 0.04576665403207764}, "metabench_truthfulqa_secondary": {"alias": " - metabench_truthfulqa_secondary", "acc,none": 0.125, "acc_stderr,none": 0.02846375212766555}, "metabench_winogrande_secondary": {"alias": " - metabench_winogrande_secondary", "acc,none": 0.5471698113207547, "acc_stderr,none": 0.048577381460134975}}