{"metabench": {"acc,none": 0.5071885041758, "acc_stderr,none": 0.016526809762574833, "alias": "metabench"}, "metabench_arc": {"alias": " - metabench_arc", "acc,none": 0.45517241379310347, "acc_stderr,none": 0.04149886942192117, "acc_norm,none": 0.4689655172413793, "acc_norm_stderr,none": 0.04158632762097828}, "metabench_gsm8k": {"alias": " - metabench_gsm8k", "exact_match,strict-match": 0.3206751054852321, "exact_match_stderr,strict-match": 0.030381931949990403, "exact_match,flexible-extract": 0.3206751054852321, "exact_match_stderr,flexible-extract": 0.030381931949990403}, "metabench_hellaswag": {"alias": " - metabench_hellaswag", "acc,none": 0.3333333333333333, "acc_stderr,none": 0.04914731871829902, "acc_norm,none": 0.4731182795698925, "acc_norm_stderr,none": 0.052053209931794304}, "metabench_mmlu": {"alias": " - metabench_mmlu", "acc,none": 1.0, "acc_stderr,none": 0.0}, "metabench_truthfulqa": {"alias": " - metabench_truthfulqa", "acc,none": 0.12337662337662338, "acc_stderr,none": 0.026587484423674302}, "metabench_winogrande": {"alias": " - metabench_winogrande", "acc,none": 0.6240601503759399, "acc_stderr,none": 0.04215852829793425}}