{"metabench_secondary": {"acc,none": 0.27064277239848444, "acc_stderr,none": 0.017470966676496214, "alias": "metabench_secondary"}, "metabench_arc_secondary": {"alias": " - metabench_arc_secondary", "acc,none": 0.25, "acc_stderr,none": 0.04351941398892446, "acc_norm,none": 0.18, "acc_norm_stderr,none": 0.038612291966536955}, "metabench_gsm8k_secondary": {"alias": " - metabench_gsm8k_secondary", "exact_match,strict-match": 0.040160642570281124, "exact_match_stderr,strict-match": 0.012467338839398876, "exact_match,flexible-extract": 0.04417670682730924, "exact_match_stderr,flexible-extract": 0.01304847126770817}, "metabench_hellaswag_secondary": {"alias": " - metabench_hellaswag_secondary", "acc,none": 0.3103448275862069, "acc_stderr,none": 0.06127747011300953, "acc_norm,none": 0.29310344827586204, "acc_norm_stderr,none": 0.060290789044351936}, "metabench_mmlu_secondary": {"alias": " - metabench_mmlu_secondary", "acc,none": 0.14705882352941177, "acc_stderr,none": 0.03524068951567449}, "metabench_truthfulqa_secondary": {"alias": " - metabench_truthfulqa_secondary", "acc,none": 0.051470588235294115, "acc_stderr,none": 0.01901682817771653}, "metabench_winogrande_secondary": {"alias": " - metabench_winogrande_secondary", "acc,none": 0.5943396226415094, "acc_stderr,none": 0.04791858528000114}}