{"metabench": {"acc,none": 0.4133615871131971, "acc_stderr,none": 0.017855257222419756, "alias": "metabench"}, "metabench_arc": {"alias": " - metabench_arc", "acc,none": 0.43448275862068964, "acc_stderr,none": 0.04130740879555497, "acc_norm,none": 0.4689655172413793, "acc_norm_stderr,none": 0.04158632762097828}, "metabench_gsm8k": {"alias": " - metabench_gsm8k", "exact_match,strict-match": 0.2109704641350211, "exact_match_stderr,strict-match": 0.02655837250266192, "exact_match,flexible-extract": 0.2109704641350211, "exact_match_stderr,flexible-extract": 0.02655837250266192}, "metabench_hellaswag": {"alias": " - metabench_hellaswag", "acc,none": 0.3225806451612903, "acc_stderr,none": 0.04873646663083885, "acc_norm,none": 0.45161290322580644, "acc_norm_stderr,none": 0.051883930752016603}, "metabench_mmlu": {"alias": " - metabench_mmlu", "acc,none": 0.59375, "acc_stderr,none": 0.05038911092686594}, "metabench_truthfulqa": {"alias": " - metabench_truthfulqa", "acc,none": 0.08441558441558442, "acc_stderr,none": 0.02247578123186698}, "metabench_winogrande": {"alias": " - metabench_winogrande", "acc,none": 0.631578947368421, "acc_stderr,none": 0.041985475537761316}}