{"metabench_permute": {"acc,none": 0.3613380731634932, "acc_stderr,none": 0.018178696224571928, "alias": "metabench_permute"}, "metabench_arc_permute": {"alias": " - metabench_arc_permute", "acc,none": 0.35172413793103446, "acc_stderr,none": 0.0397923663749741, "acc_norm,none": 0.35172413793103446, "acc_norm_stderr,none": 0.0397923663749741}, "metabench_hellaswag_permute": {"alias": " - metabench_hellaswag_permute", "acc,none": 0.17204301075268819, "acc_stderr,none": 0.03934852812061865, "acc_norm,none": 0.25806451612903225, "acc_norm_stderr,none": 0.04561979233461594}, "metabench_mmlu_permute": {"alias": " - metabench_mmlu_permute", "acc,none": 0.5833333333333334, "acc_stderr,none": 0.050581414888907016}, "metabench_truthfulqa_permute": {"alias": " - metabench_truthfulqa_permute", "acc,none": 0.18831168831168832, "acc_stderr,none": 0.031607312419929735}, "metabench_winogrande_permute": {"alias": " - metabench_winogrande_permute", "acc,none": 0.5112781954887218, "acc_stderr,none": 0.043508341442180715}}