{"metabench_secondary": {"acc,none": 0.4540176177172235, "acc_stderr,none": 0.020343052959371596, "alias": "metabench_secondary"}, "metabench_arc_secondary": {"alias": " - metabench_arc_secondary", "acc,none": 0.46, "acc_stderr,none": 0.05009082659620332, "acc_norm,none": 0.44, "acc_norm_stderr,none": 0.049888765156985884}, "metabench_gsm8k_secondary": {"alias": " - metabench_gsm8k_secondary", "exact_match,strict-match": 0.22088353413654618, "exact_match_stderr,strict-match": 0.026342502030777492, "exact_match,flexible-extract": 0.2248995983935743, "exact_match_stderr,flexible-extract": 0.026512304586737253}, "metabench_hellaswag_secondary": {"alias": " - metabench_hellaswag_secondary", "acc,none": 0.46551724137931033, "acc_stderr,none": 0.06606893520605228, "acc_norm,none": 0.5862068965517241, "acc_norm_stderr,none": 0.06523484847771846}, "metabench_mmlu_secondary": {"alias": " - metabench_mmlu_secondary", "acc,none": 0.5686274509803921, "acc_stderr,none": 0.04928099597287534}, "metabench_truthfulqa_secondary": {"alias": " - metabench_truthfulqa_secondary", "acc,none": 0.125, "acc_stderr,none": 0.02846375212766555}, "metabench_winogrande_secondary": {"alias": " - metabench_winogrande_secondary", "acc,none": 0.6509433962264151, "acc_stderr,none": 0.04651841326529026}}