{"metabench_secondary": {"acc,none": 0.3446785181216273, "acc_stderr,none": 0.019563583470798108, "alias": "metabench_secondary"}, "metabench_arc_secondary": {"alias": " - metabench_arc_secondary", "acc,none": 0.35, "acc_stderr,none": 0.047937248544110196, "acc_norm,none": 0.28, "acc_norm_stderr,none": 0.04512608598542128}, "metabench_gsm8k_secondary": {"alias": " - metabench_gsm8k_secondary", "exact_match,strict-match": 0.28112449799196787, "exact_match_stderr,strict-match": 0.0285463343376317, "exact_match,flexible-extract": 0.285140562248996, "exact_match_stderr,flexible-extract": 0.0286690952810014}, "metabench_hellaswag_secondary": {"alias": " - metabench_hellaswag_secondary", "acc,none": 0.27586206896551724, "acc_stderr,none": 0.059199660364065695, "acc_norm,none": 0.2413793103448276, "acc_norm_stderr,none": 0.056679359602524904}, "metabench_mmlu_secondary": {"alias": " - metabench_mmlu_secondary", "acc,none": 0.4411764705882353, "acc_stderr,none": 0.049406356306056595}, "metabench_truthfulqa_secondary": {"alias": " - metabench_truthfulqa_secondary", "acc,none": 0.08088235294117647, "acc_stderr,none": 0.02346635068030242}, "metabench_winogrande_secondary": {"alias": " - metabench_winogrande_secondary", "acc,none": 0.5754716981132075, "acc_stderr,none": 0.04823593037243471}}