{"metabench_permute": {"acc,none": 0.3481043723805418, "acc_stderr,none": 0.018118520686166473, "alias": "metabench_permute"}, "metabench_arc_permute": {"alias": " - metabench_arc_permute", "acc,none": 0.32413793103448274, "acc_stderr,none": 0.03900432069185553, "acc_norm,none": 0.33793103448275863, "acc_norm_stderr,none": 0.03941707632064889}, "metabench_hellaswag_permute": {"alias": " - metabench_hellaswag_permute", "acc,none": 0.1827956989247312, "acc_stderr,none": 0.04029530010615515, "acc_norm,none": 0.1935483870967742, "acc_norm_stderr,none": 0.041189832133487855}, "metabench_mmlu_permute": {"alias": " - metabench_mmlu_permute", "acc,none": 0.5104166666666666, "acc_stderr,none": 0.051287783818428426}, "metabench_truthfulqa_permute": {"alias": " - metabench_truthfulqa_permute", "acc,none": 0.18181818181818182, "acc_stderr,none": 0.03118156093500161}, "metabench_winogrande_permute": {"alias": " - metabench_winogrande_permute", "acc,none": 0.5413533834586466, "acc_stderr,none": 0.04337031327194884}}