{"metabench_secondary": {"acc,none": 0.46966562057484024, "acc_stderr,none": 0.020167936788613755, "alias": "metabench_secondary"}, "metabench_arc_secondary": {"alias": " - metabench_arc_secondary", "acc,none": 0.46, "acc_stderr,none": 0.05009082659620332, "acc_norm,none": 0.43, "acc_norm_stderr,none": 0.04975698519562428}, "metabench_gsm8k_secondary": {"alias": " - metabench_gsm8k_secondary", "exact_match,strict-match": 0.6385542168674698, "exact_match_stderr,strict-match": 0.030506657720490542, "exact_match,flexible-extract": 0.642570281124498, "exact_match_stderr,flexible-extract": 0.03043195178220612}, "metabench_hellaswag_secondary": {"alias": " - metabench_hellaswag_secondary", "acc,none": 0.3793103448275862, "acc_stderr,none": 0.0642683528480064, "acc_norm,none": 0.4827586206896552, "acc_norm_stderr,none": 0.06618723240947538}, "metabench_mmlu_secondary": {"alias": " - metabench_mmlu_secondary", "acc,none": 0.6470588235294118, "acc_stderr,none": 0.04755129616062948}, "metabench_truthfulqa_secondary": {"alias": " - metabench_truthfulqa_secondary", "acc,none": 0.15441176470588236, "acc_stderr,none": 0.03109945475600372}, "metabench_winogrande_secondary": {"alias": " - metabench_winogrande_secondary", "acc,none": 0.7075471698113207, "acc_stderr,none": 0.044392639061996295}}