{"metabench": {"acc,none": 0.43411715942956797, "acc_stderr,none": 0.01832387311500304, "alias": "metabench"}, "metabench_arc": {"alias": " - metabench_arc", "acc,none": 0.42758620689655175, "acc_stderr,none": 0.04122737111370333, "acc_norm,none": 0.5172413793103449, "acc_norm_stderr,none": 0.04164188720169375}, "metabench_gsm8k": {"alias": " - metabench_gsm8k", "exact_match,strict-match": 0.6497890295358649, "exact_match_stderr,strict-match": 0.031052391937584346, "exact_match,flexible-extract": 0.6497890295358649, "exact_match_stderr,flexible-extract": 0.031052391937584346}, "metabench_hellaswag": {"alias": " - metabench_hellaswag", "acc,none": 0.3225806451612903, "acc_stderr,none": 0.04873646663083885, "acc_norm,none": 0.34408602150537637, "acc_norm_stderr,none": 0.04952939743113238}, "metabench_mmlu": {"alias": " - metabench_mmlu", "acc,none": 0.6770833333333334, "acc_stderr,none": 0.047973840794591334}, "metabench_truthfulqa": {"alias": " - metabench_truthfulqa", "acc,none": 0.14935064935064934, "acc_stderr,none": 0.02881596245288711}, "metabench_winogrande": {"alias": " - metabench_winogrande", "acc,none": 0.5939849624060151, "acc_stderr,none": 0.0427436710574351}}