{"metabench": {"acc,none": 0.4332614400801275, "acc_stderr,none": 0.01671430849830981, "alias": "metabench"}, "metabench_arc": {"alias": " - metabench_arc", "acc,none": 0.2620689655172414, "acc_stderr,none": 0.03664666337225256, "acc_norm,none": 0.2620689655172414, "acc_norm_stderr,none": 0.036646663372252565}, "metabench_gsm8k": {"alias": " - metabench_gsm8k", "exact_match,strict-match": 0.05485232067510549, "exact_match_stderr,strict-match": 0.014821471997344068, "exact_match,flexible-extract": 0.05485232067510549, "exact_match_stderr,flexible-extract": 0.014821471997344068}, "metabench_hellaswag": {"alias": " - metabench_hellaswag", "acc,none": 0.24731182795698925, "acc_stderr,none": 0.04498172185667068, "acc_norm,none": 0.2903225806451613, "acc_norm_stderr,none": 0.04732351421824123}, "metabench_mmlu": {"alias": " - metabench_mmlu", "acc,none": 0.9166666666666666, "acc_stderr,none": 0.028356543640780052}, "metabench_truthfulqa": {"alias": " - metabench_truthfulqa", "acc,none": 0.16883116883116883, "acc_stderr,none": 0.030284835747020115}, "metabench_winogrande": {"alias": " - metabench_winogrande", "acc,none": 0.5714285714285714, "acc_stderr,none": 0.043073049225394844}}