{"metabench_permute": {"acc,none": 0.29835569020386943, "acc_stderr,none": 0.017269559547530865, "alias": "metabench_permute"}, "metabench_arc_permute": {"alias": " - metabench_arc_permute", "acc,none": 0.2482758620689655, "acc_stderr,none": 0.03600105692727773, "acc_norm,none": 0.22758620689655173, "acc_norm_stderr,none": 0.03493950380131184}, "metabench_hellaswag_permute": {"alias": " - metabench_hellaswag_permute", "acc,none": 0.24731182795698925, "acc_stderr,none": 0.04498172185667068, "acc_norm,none": 0.25806451612903225, "acc_norm_stderr,none": 0.04561979233461594}, "metabench_mmlu_permute": {"alias": " - metabench_mmlu_permute", "acc,none": 0.3229166666666667, "acc_stderr,none": 0.04797384079459133}, "metabench_truthfulqa_permute": {"alias": " - metabench_truthfulqa_permute", "acc,none": 0.11688311688311688, "acc_stderr,none": 0.025974025974025986}, "metabench_winogrande_permute": {"alias": " - metabench_winogrande_permute", "acc,none": 0.556390977443609, "acc_stderr,none": 0.043241749752860895}}