{"metabench_permute": {"acc,none": 0.30044875657391024, "acc_stderr,none": 0.017396525904303992, "alias": "metabench_permute"}, "metabench_arc_permute": {"alias": " - metabench_arc_permute", "acc,none": 0.2896551724137931, "acc_stderr,none": 0.03780019230438011, "acc_norm,none": 0.27586206896551724, "acc_norm_stderr,none": 0.037245636197746325}, "metabench_hellaswag_permute": {"alias": " - metabench_hellaswag_permute", "acc,none": 0.25806451612903225, "acc_stderr,none": 0.04561979233461597, "acc_norm,none": 0.3010752688172043, "acc_norm_stderr,none": 0.047825424305926185}, "metabench_mmlu_permute": {"alias": " - metabench_mmlu_permute", "acc,none": 0.28125, "acc_stderr,none": 0.04612893115468517}, "metabench_truthfulqa_permute": {"alias": " - metabench_truthfulqa_permute", "acc,none": 0.11688311688311688, "acc_stderr,none": 0.025974025974025972}, "metabench_winogrande_permute": {"alias": " - metabench_winogrande_permute", "acc,none": 0.556390977443609, "acc_stderr,none": 0.04324174975286093}}