{"metabench": {"acc,none": 0.5241363340472731, "acc_stderr,none": 0.01765051577600578, "alias": "metabench"}, "metabench_arc": {"alias": " - metabench_arc", "acc,none": 0.5379310344827586, "acc_stderr,none": 0.041546596717075446, "acc_norm,none": 0.5655172413793104, "acc_norm_stderr,none": 0.041307408795554966}, "metabench_gsm8k": {"alias": " - metabench_gsm8k", "exact_match,strict-match": 0.4641350210970464, "exact_match_stderr,strict-match": 0.03246338898055659, "exact_match,flexible-extract": 0.46835443037974683, "exact_match_stderr,flexible-extract": 0.03248197400511075}, "metabench_hellaswag": {"alias": " - metabench_hellaswag", "acc,none": 0.3978494623655914, "acc_stderr,none": 0.0510291122856655, "acc_norm,none": 0.6666666666666666, "acc_norm_stderr,none": 0.04914731871829905}, "metabench_mmlu": {"alias": " - metabench_mmlu", "acc,none": 0.7395833333333334, "acc_stderr,none": 0.04502628780576134}, "metabench_truthfulqa": {"alias": " - metabench_truthfulqa", "acc,none": 0.15584415584415584, "acc_stderr,none": 0.029323166122709}, "metabench_winogrande": {"alias": " - metabench_winogrande", "acc,none": 0.7894736842105263, "acc_stderr,none": 0.035484203287539054}}