{"metabench": {"acc,none": 0.35227103904720847, "acc_stderr,none": 0.01811250803821214, "alias": "metabench"}, "metabench_arc": {"alias": " - metabench_arc", "acc,none": 0.32413793103448274, "acc_stderr,none": 0.03900432069185553, "acc_norm,none": 0.33793103448275863, "acc_norm_stderr,none": 0.03941707632064889}, "metabench_gsm8k": {"alias": " - metabench_gsm8k", "exact_match,strict-match": 0.28270042194092826, "exact_match_stderr,strict-match": 0.029312814153955934, "exact_match,flexible-extract": 0.28270042194092826, "exact_match_stderr,flexible-extract": 0.029312814153955934}, "metabench_hellaswag": {"alias": " - metabench_hellaswag", "acc,none": 0.1827956989247312, "acc_stderr,none": 0.04029530010615515, "acc_norm,none": 0.1935483870967742, "acc_norm_stderr,none": 0.041189832133487855}, "metabench_mmlu": {"alias": " - metabench_mmlu", "acc,none": 0.53125, "acc_stderr,none": 0.051198626369320335}, "metabench_truthfulqa": {"alias": " - metabench_truthfulqa", "acc,none": 0.18181818181818182, "acc_stderr,none": 0.03118156093500161}, "metabench_winogrande": {"alias": " - metabench_winogrande", "acc,none": 0.5413533834586466, "acc_stderr,none": 0.04337031327194884}}