{"metabench_secondary": {"acc,none": 0.3036624950565783, "acc_stderr,none": 0.018989712155178157, "alias": "metabench_secondary"}, "metabench_arc_secondary": {"alias": " - metabench_arc_secondary", "acc,none": 0.33, "acc_stderr,none": 0.04725815626252609, "acc_norm,none": 0.2, "acc_norm_stderr,none": 0.04020151261036849}, "metabench_gsm8k_secondary": {"alias": " - metabench_gsm8k_secondary", "exact_match,strict-match": 0.07630522088353414, "exact_match_stderr,strict-match": 0.016858368046263034, "exact_match,flexible-extract": 0.08032128514056225, "exact_match_stderr,flexible-extract": 0.01725867901043423}, "metabench_hellaswag_secondary": {"alias": " - metabench_hellaswag_secondary", "acc,none": 0.29310344827586204, "acc_stderr,none": 0.06029078904435192, "acc_norm,none": 0.3275862068965517, "acc_norm_stderr,none": 0.06216467716317222}, "metabench_mmlu_secondary": {"alias": " - metabench_mmlu_secondary", "acc,none": 0.27450980392156865, "acc_stderr,none": 0.044405219061793254}, "metabench_truthfulqa_secondary": {"alias": " - metabench_truthfulqa_secondary", "acc,none": 0.07352941176470588, "acc_stderr,none": 0.022463606347822743}, "metabench_winogrande_secondary": {"alias": " - metabench_winogrande_secondary", "acc,none": 0.5471698113207547, "acc_stderr,none": 0.04857738146013503}}