{"metabench_permute": {"acc,none": 0.5283030007139398, "acc_stderr,none": 0.017576307180693935, "alias": "metabench_permute"}, "metabench_arc_permute": {"alias": " - metabench_arc_permute", "acc,none": 0.5379310344827586, "acc_stderr,none": 0.041546596717075446, "acc_norm,none": 0.5655172413793104, "acc_norm_stderr,none": 0.041307408795554966}, "metabench_hellaswag_permute": {"alias": " - metabench_hellaswag_permute", "acc,none": 0.3978494623655914, "acc_stderr,none": 0.0510291122856655, "acc_norm,none": 0.6666666666666666, "acc_norm_stderr,none": 0.04914731871829905}, "metabench_mmlu_permute": {"alias": " - metabench_mmlu_permute", "acc,none": 0.7604166666666666, "acc_stderr,none": 0.04379175117256941}, "metabench_truthfulqa_permute": {"alias": " - metabench_truthfulqa_permute", "acc,none": 0.15584415584415584, "acc_stderr,none": 0.029323166122709}, "metabench_winogrande_permute": {"alias": " - metabench_winogrande_permute", "acc,none": 0.7894736842105263, "acc_stderr,none": 0.035484203287539054}}