{"metabench_permute": {"acc,none": 0.44036715942956794, "acc_stderr,none": 0.018241209789839116, "alias": "metabench_permute"}, "metabench_arc_permute": {"alias": " - metabench_arc_permute", "acc,none": 0.42758620689655175, "acc_stderr,none": 0.04122737111370333, "acc_norm,none": 0.5172413793103449, "acc_norm_stderr,none": 0.04164188720169375}, "metabench_hellaswag_permute": {"alias": " - metabench_hellaswag_permute", "acc,none": 0.3225806451612903, "acc_stderr,none": 0.04873646663083885, "acc_norm,none": 0.34408602150537637, "acc_norm_stderr,none": 0.04952939743113238}, "metabench_mmlu_permute": {"alias": " - metabench_mmlu_permute", "acc,none": 0.7083333333333334, "acc_stderr,none": 0.04663376032810542}, "metabench_truthfulqa_permute": {"alias": " - metabench_truthfulqa_permute", "acc,none": 0.14935064935064934, "acc_stderr,none": 0.02881596245288711}, "metabench_winogrande_permute": {"alias": " - metabench_winogrande_permute", "acc,none": 0.5939849624060151, "acc_stderr,none": 0.0427436710574351}}