{"metabench": {"acc,none": 0.3108654232405769, "acc_stderr,none": 0.017540717367565132, "alias": "metabench"}, "metabench_arc": {"alias": " - metabench_arc", "acc,none": 0.2896551724137931, "acc_stderr,none": 0.03780019230438011, "acc_norm,none": 0.27586206896551724, "acc_norm_stderr,none": 0.037245636197746325}, "metabench_gsm8k": {"alias": " - metabench_gsm8k", "exact_match,strict-match": 0.07172995780590717, "exact_match_stderr,strict-match": 0.016796989611119587, "exact_match,flexible-extract": 0.0759493670886076, "exact_match_stderr,flexible-extract": 0.0172446332510657}, "metabench_hellaswag": {"alias": " - metabench_hellaswag", "acc,none": 0.25806451612903225, "acc_stderr,none": 0.04561979233461597, "acc_norm,none": 0.3010752688172043, "acc_norm_stderr,none": 0.047825424305926185}, "metabench_mmlu": {"alias": " - metabench_mmlu", "acc,none": 0.3333333333333333, "acc_stderr,none": 0.04836508334066745}, "metabench_truthfulqa": {"alias": " - metabench_truthfulqa", "acc,none": 0.11688311688311688, "acc_stderr,none": 0.025974025974025972}, "metabench_winogrande": {"alias": " - metabench_winogrande", "acc,none": 0.556390977443609, "acc_stderr,none": 0.04324174975286093}}