{"metabench_permute": {"acc,none": 0.4790895931050196, "acc_stderr,none": 0.018294756673253667, "alias": "metabench_permute"}, "metabench_arc_permute": {"alias": " - metabench_arc_permute", "acc,none": 0.47586206896551725, "acc_stderr,none": 0.0416180850350153, "acc_norm,none": 0.5103448275862069, "acc_norm_stderr,none": 0.04165774775728763}, "metabench_hellaswag_permute": {"alias": " - metabench_hellaswag_permute", "acc,none": 0.3333333333333333, "acc_stderr,none": 0.04914731871829902, "acc_norm,none": 0.40860215053763443, "acc_norm_stderr,none": 0.05125028452876002}, "metabench_mmlu_permute": {"alias": " - metabench_mmlu_permute", "acc,none": 0.8125, "acc_stderr,none": 0.040045204719824215}, "metabench_truthfulqa_permute": {"alias": " - metabench_truthfulqa_permute", "acc,none": 0.19480519480519481, "acc_stderr,none": 0.03201879869416841}, "metabench_winogrande_permute": {"alias": " - metabench_winogrande_permute", "acc,none": 0.5789473684210527, "acc_stderr,none": 0.042973504259353944}}