{"metabench_permute": {"acc,none": 0.4530218375091334, "acc_stderr,none": 0.017963714722945386, "alias": "metabench_permute"}, "metabench_arc_permute": {"alias": " - metabench_arc_permute", "acc,none": 0.45517241379310347, "acc_stderr,none": 0.04149886942192117, "acc_norm,none": 0.4689655172413793, "acc_norm_stderr,none": 0.04158632762097828}, "metabench_hellaswag_permute": {"alias": " - metabench_hellaswag_permute", "acc,none": 0.3333333333333333, "acc_stderr,none": 0.04914731871829902, "acc_norm,none": 0.4731182795698925, "acc_norm_stderr,none": 0.052053209931794304}, "metabench_mmlu_permute": {"alias": " - metabench_mmlu_permute", "acc,none": 0.7291666666666666, "acc_stderr,none": 0.04559347124186797}, "metabench_truthfulqa_permute": {"alias": " - metabench_truthfulqa_permute", "acc,none": 0.12337662337662338, "acc_stderr,none": 0.026587484423674302}, "metabench_winogrande_permute": {"alias": " - metabench_winogrande_permute", "acc,none": 0.6240601503759399, "acc_stderr,none": 0.04215852829793425}}