{"metabench_permute": {"acc,none": 0.30755741709162177, "acc_stderr,none": 0.017667887742716503, "alias": "metabench_permute"}, "metabench_arc_permute": {"alias": " - metabench_arc_permute", "acc,none": 0.2689655172413793, "acc_stderr,none": 0.03695183311650232, "acc_norm,none": 0.2689655172413793, "acc_norm_stderr,none": 0.03695183311650232}, "metabench_hellaswag_permute": {"alias": " - metabench_hellaswag_permute", "acc,none": 0.24731182795698925, "acc_stderr,none": 0.04498172185667068, "acc_norm,none": 0.2903225806451613, "acc_norm_stderr,none": 0.04732351421824123}, "metabench_mmlu_permute": {"alias": " - metabench_mmlu_permute", "acc,none": 0.28125, "acc_stderr,none": 0.04612893115468517}, "metabench_truthfulqa_permute": {"alias": " - metabench_truthfulqa_permute", "acc,none": 0.16883116883116883, "acc_stderr,none": 0.030284835747020115}, "metabench_winogrande_permute": {"alias": " - metabench_winogrande_permute", "acc,none": 0.5714285714285714, "acc_stderr,none": 0.043073049225394844}}