{"metabench": {"acc,none": 0.43519368562472016, "acc_stderr,none": 0.01778978589267282, "alias": "metabench"}, "metabench_arc": {"alias": " - metabench_arc", "acc,none": 0.41379310344827586, "acc_stderr,none": 0.04104269211806236, "acc_norm,none": 0.47586206896551725, "acc_norm_stderr,none": 0.04161808503501534}, "metabench_gsm8k": {"alias": " - metabench_gsm8k", "exact_match,strict-match": 0.24472573839662448, "exact_match_stderr,strict-match": 0.027985699387036427, "exact_match,flexible-extract": 0.24472573839662448, "exact_match_stderr,flexible-extract": 0.027985699387036427}, "metabench_hellaswag": {"alias": " - metabench_hellaswag", "acc,none": 0.3333333333333333, "acc_stderr,none": 0.04914731871829905, "acc_norm,none": 0.4946236559139785, "acc_norm_stderr,none": 0.05212558986469171}, "metabench_mmlu": {"alias": " - metabench_mmlu", "acc,none": 0.6041666666666666, "acc_stderr,none": 0.0501733107449679}, "metabench_truthfulqa": {"alias": " - metabench_truthfulqa", "acc,none": 0.11038961038961038, "acc_stderr,none": 0.02533484829160092}, "metabench_winogrande": {"alias": " - metabench_winogrande", "acc,none": 0.7142857142857143, "acc_stderr,none": 0.03932013446879859}}