{"metabench_secondary": {"acc,none": 0.5033251431997653, "acc_stderr,none": 0.020836109471588142, "alias": "metabench_secondary"}, "metabench_arc_secondary": {"alias": " - metabench_arc_secondary", "acc,none": 0.52, "acc_stderr,none": 0.050211673156867795, "acc_norm,none": 0.44, "acc_norm_stderr,none": 0.049888765156985884}, "metabench_gsm8k_secondary": {"alias": " - metabench_gsm8k_secondary", "exact_match,strict-match": 0.5622489959839357, "exact_match_stderr,strict-match": 0.03150301204870893, "exact_match,flexible-extract": 0.3614457831325301, "exact_match_stderr,flexible-extract": 0.030506657720490542}, "metabench_hellaswag_secondary": {"alias": " - metabench_hellaswag_secondary", "acc,none": 0.39655172413793105, "acc_stderr,none": 0.06479366091762498, "acc_norm,none": 0.5172413793103449, "acc_norm_stderr,none": 0.06618723240947534}, "metabench_mmlu_secondary": {"alias": " - metabench_mmlu_secondary", "acc,none": 0.6666666666666666, "acc_stderr,none": 0.04690650298201942}, "metabench_truthfulqa_secondary": {"alias": " - metabench_truthfulqa_secondary", "acc,none": 0.23529411764705882, "acc_stderr,none": 0.03650781710789269}, "metabench_winogrande_secondary": {"alias": " - metabench_winogrande_secondary", "acc,none": 0.6981132075471698, "acc_stderr,none": 0.04480127092110672}}