{"metabench_permute": {"acc,none": 0.4279449204465304, "acc_stderr,none": 0.017721311006102802, "alias": "metabench_permute"}, "metabench_arc_permute": {"alias": " - metabench_arc_permute", "acc,none": 0.43448275862068964, "acc_stderr,none": 0.04130740879555497, "acc_norm,none": 0.4689655172413793, "acc_norm_stderr,none": 0.04158632762097828}, "metabench_hellaswag_permute": {"alias": " - metabench_hellaswag_permute", "acc,none": 0.3225806451612903, "acc_stderr,none": 0.04873646663083885, "acc_norm,none": 0.45161290322580644, "acc_norm_stderr,none": 0.051883930752016603}, "metabench_mmlu_permute": {"alias": " - metabench_mmlu_permute", "acc,none": 0.6666666666666666, "acc_stderr,none": 0.04836508334066742}, "metabench_truthfulqa_permute": {"alias": " - metabench_truthfulqa_permute", "acc,none": 0.08441558441558442, "acc_stderr,none": 0.02247578123186698}, "metabench_winogrande_permute": {"alias": " - metabench_winogrande_permute", "acc,none": 0.631578947368421, "acc_stderr,none": 0.041985475537761316}}