{"metabench_permute": {"acc,none": 0.5418002104056784, "acc_stderr,none": 0.01811004288645692, "alias": "metabench_permute"}, "metabench_arc_permute": {"alias": " - metabench_arc_permute", "acc,none": 0.5862068965517241, "acc_stderr,none": 0.04104269211806231, "acc_norm,none": 0.6206896551724138, "acc_norm_stderr,none": 0.040434618619167466}, "metabench_hellaswag_permute": {"alias": " - metabench_hellaswag_permute", "acc,none": 0.34408602150537637, "acc_stderr,none": 0.049529397431132376, "acc_norm,none": 0.5698924731182796, "acc_norm_stderr,none": 0.051616798980291805}, "metabench_mmlu_permute": {"alias": " - metabench_mmlu_permute", "acc,none": 0.75, "acc_stderr,none": 0.04442616583193193}, "metabench_truthfulqa_permute": {"alias": " - metabench_truthfulqa_permute", "acc,none": 0.24675324675324675, "acc_stderr,none": 0.03485413882550864}, "metabench_winogrande_permute": {"alias": " - metabench_winogrande_permute", "acc,none": 0.7819548872180451, "acc_stderr,none": 0.03593991635606233}}