{"metabench_secondary": {"acc,none": 0.5937989972827127, "acc_stderr,none": 0.021074558225634223, "alias": "metabench_secondary"}, "metabench_arc_secondary": {"alias": " - metabench_arc_secondary", "acc,none": 0.53, "acc_stderr,none": 0.05016135580465919, "acc_norm,none": 0.51, "acc_norm_stderr,none": 0.05024183937956913}, "metabench_gsm8k_secondary": {"alias": " - metabench_gsm8k_secondary", "exact_match,strict-match": 0.5983935742971888, "exact_match_stderr,strict-match": 0.031129199064921047, "exact_match,flexible-extract": 0.5983935742971888, "exact_match_stderr,flexible-extract": 0.031129199064921047}, "metabench_hellaswag_secondary": {"alias": " - metabench_hellaswag_secondary", "acc,none": 0.5172413793103449, "acc_stderr,none": 0.06618723240947534, "acc_norm,none": 0.5862068965517241, "acc_norm_stderr,none": 0.06523484847771846}, "metabench_mmlu_secondary": {"alias": " - metabench_mmlu_secondary", "acc,none": 0.7647058823529411, "acc_stderr,none": 0.04220773659171453}, "metabench_truthfulqa_secondary": {"alias": " - metabench_truthfulqa_secondary", "acc,none": 0.4117647058823529, "acc_stderr,none": 0.04235778234253509}, "metabench_winogrande_secondary": {"alias": " - metabench_winogrande_secondary", "acc,none": 0.7452830188679245, "acc_stderr,none": 0.0425201622376331}}