{"metabench": {"acc,none": 0.5404209000608509, "acc_stderr,none": 0.01812198491998501, "alias": "metabench"}, "metabench_arc": {"alias": " - metabench_arc", "acc,none": 0.5793103448275863, "acc_stderr,none": 0.0411391498118926, "acc_norm,none": 0.6137931034482759, "acc_norm_stderr,none": 0.04057324734419036}, "metabench_gsm8k": {"alias": " - metabench_gsm8k", "exact_match,strict-match": 0.7215189873417721, "exact_match_stderr,strict-match": 0.029178682304842548, "exact_match,flexible-extract": 0.729957805907173, "exact_match_stderr,flexible-extract": 0.028900721906293426}, "metabench_hellaswag": {"alias": " - metabench_hellaswag", "acc,none": 0.34408602150537637, "acc_stderr,none": 0.049529397431132376, "acc_norm,none": 0.5698924731182796, "acc_norm_stderr,none": 0.051616798980291805}, "metabench_mmlu": {"alias": " - metabench_mmlu", "acc,none": 0.75, "acc_stderr,none": 0.04442616583193193}, "metabench_truthfulqa": {"alias": " - metabench_truthfulqa", "acc,none": 0.24675324675324675, "acc_stderr,none": 0.03485413882550864}, "metabench_winogrande": {"alias": " - metabench_winogrande", "acc,none": 0.7819548872180451, "acc_stderr,none": 0.03593991635606233}}