{"metabench_secondary": {"acc,none": 0.5901778100960619, "acc_stderr,none": 0.020423435221058966, "alias": "metabench_secondary"}, "metabench_arc_secondary": {"alias": " - metabench_arc_secondary", "acc,none": 0.57, "acc_stderr,none": 0.049756985195624284, "acc_norm,none": 0.56, "acc_norm_stderr,none": 0.04988876515698589}, "metabench_gsm8k_secondary": {"alias": " - metabench_gsm8k_secondary", "exact_match,strict-match": 0.751004016064257, "exact_match_stderr,strict-match": 0.02745942636782604, "exact_match,flexible-extract": 0.7590361445783133, "exact_match_stderr,flexible-extract": 0.027156971703502824}, "metabench_hellaswag_secondary": {"alias": " - metabench_hellaswag_secondary", "acc,none": 0.46551724137931033, "acc_stderr,none": 0.06606893520605228, "acc_norm,none": 0.5689655172413793, "acc_norm_stderr,none": 0.06559361295281743}, "metabench_mmlu_secondary": {"alias": " - metabench_mmlu_secondary", "acc,none": 0.7941176470588235, "acc_stderr,none": 0.040233822736177455}, "metabench_truthfulqa_secondary": {"alias": " - metabench_truthfulqa_secondary", "acc,none": 0.3382352941176471, "acc_stderr,none": 0.040718744426068945}, "metabench_winogrande_secondary": {"alias": " - metabench_winogrande_secondary", "acc,none": 0.7830188679245284, "acc_stderr,none": 0.040225592469367126}}