{"metabench": {"acc,none": 0.5980403908826573, "acc_stderr,none": 0.01751838840073892, "alias": "metabench"}, "metabench_arc": {"alias": " - metabench_arc", "acc,none": 0.503448275862069, "acc_stderr,none": 0.041665675771015785, "acc_norm,none": 0.5103448275862069, "acc_norm_stderr,none": 0.041657747757287644}, "metabench_gsm8k": {"alias": " - metabench_gsm8k", "exact_match,strict-match": 0.7088607594936709, "exact_match_stderr,strict-match": 0.02957160106575337, "exact_match,flexible-extract": 0.7088607594936709, "exact_match_stderr,flexible-extract": 0.02957160106575337}, "metabench_hellaswag": {"alias": " - metabench_hellaswag", "acc,none": 0.3655913978494624, "acc_stderr,none": 0.05020981279330232, "acc_norm,none": 0.5698924731182796, "acc_norm_stderr,none": 0.0516167989802918}, "metabench_mmlu": {"alias": " - metabench_mmlu", "acc,none": 0.9895833333333334, "acc_stderr,none": 0.010416666666666656}, "metabench_truthfulqa": {"alias": " - metabench_truthfulqa", "acc,none": 0.35714285714285715, "acc_stderr,none": 0.03873758175333141}, "metabench_winogrande": {"alias": " - metabench_winogrande", "acc,none": 0.7744360902255639, "acc_stderr,none": 0.036378151991073575}}