{"metabench_permute": {"acc,none": 0.5709570575493238, "acc_stderr,none": 0.01831850714549189, "alias": "metabench_permute"}, "metabench_arc_permute": {"alias": " - metabench_arc_permute", "acc,none": 0.503448275862069, "acc_stderr,none": 0.041665675771015785, "acc_norm,none": 0.5103448275862069, "acc_norm_stderr,none": 0.041657747757287644}, "metabench_hellaswag_permute": {"alias": " - metabench_hellaswag_permute", "acc,none": 0.3655913978494624, "acc_stderr,none": 0.05020981279330232, "acc_norm,none": 0.5698924731182796, "acc_norm_stderr,none": 0.0516167989802918}, "metabench_mmlu_permute": {"alias": " - metabench_mmlu_permute", "acc,none": 0.8541666666666666, "acc_stderr,none": 0.036210782375335614}, "metabench_truthfulqa_permute": {"alias": " - metabench_truthfulqa_permute", "acc,none": 0.35714285714285715, "acc_stderr,none": 0.03873758175333141}, "metabench_winogrande_permute": {"alias": " - metabench_winogrande_permute", "acc,none": 0.7744360902255639, "acc_stderr,none": 0.036378151991073575}}